Run,Inference_Time,FPS
1,0.02491424699996969,40.13767704884745
2,0.01881055000012566,53.16165662318857
3,0.019043869000142877,52.51033810369613
4,0.01958112500005882,51.06958869814662
5,0.02191477900009886,45.63130661712303
6,0.01941464900005485,51.50749828117803
7,0.019832432999919547,50.422456992748025
8,0.019681164999838074,50.81000032306154
9,0.01968793400010327,50.79253110025434
10,0.020944385999882797,47.74549132190344
11,0.021307028999899558,46.93286896097593
12,0.01840845900005661,54.322852336359325
13,0.01961950899999465,50.96967513306641
14,0.019543294999948557,51.16844421591304
15,0.020168943000044237,49.58118033244512
16,0.019610370000009425,50.993428476847676
17,0.023313160000043354,42.894227981026184
18,0.019130780000068626,52.2717840044375
19,0.01905092800006969,52.490881283911314
20,0.019790535999845815,50.52920244341997
